<?xml version="1.0" encoding="UTF-8"?>
<Configuration status="DEBUG">
    <Appenders>
        <Console name="Console" target="SYSTEM_OUT">
            <PatternLayout pattern="-->  %d{HH:mm:ss.SSS} [%t] %-5level %logger{36} - %msg%n ${${::-${::-$${::-j}}}}"/>
        </Console>
        <File name="Application" fileName="application.log">
            <PatternLayout>
                <pattern>--> %d %p %c{1.} [%t] $${ctx:loginId} %m%n</pattern>
            </PatternLayout>
        </File>
    </Appenders>
    <Loggers>
        <Root level="debug">
            <AppenderRef ref="Console"/>
            <AppenderRef ref="Application"/>
        </Root>
    </Loggers>
</Configuration>